scope,noise_seed,ols_test_rmse,ridge_test_rmse,weighted_regression_test_rmse,ols_mean_cost_error,ridge_mean_cost_error,weighted_regression_mean_cost_error,ridge_alpha,weighted_interval_noise_variance,weighted_event_variance,weighted_background_variance
top3,0,3.91337940680137,3.91337940680137,3.9145722330941353,0.002503625222915673,0.002503625222915673,0.001713018499025054,0.0,0.6304182120294417,0.028073812305200327,8.235264993761923
top3,1,3.948717493461444,3.9487034741371145,3.9470866912725473,0.003544387781208513,0.003536866181742937,0.002006583556064356,1.0,0.4138683059222363,0.0415449700050833,8.270990389538229
top3,2,3.953827153704526,3.953827153704526,3.9520448333515956,0.002626759773599474,0.002626759773599474,0.0018211611565007503,0.0,0.6848561168061744,0.029280143822094106,8.33142553251872
top3,3,3.905315157558429,3.905315157558429,3.9036448852002947,0.002495266662189977,0.002495266662189977,0.001492720568720074,0.0,0.4977868738944171,0.04459486802821446,8.359064864856428
top3,4,3.939816782991592,3.939816782991592,3.9402644590409834,0.0025059381820625505,0.0025059381820625505,0.0017268523360499445,0.0,0.5629594108543147,0.022817346126107807,8.416927659055167
top3,5,3.9763667543191783,3.9763586457399627,3.974257635234142,0.0025582765453563638,0.0025507553593627106,0.002091209403050698,1.0,0.7172687288924045,0.04186867787822898,8.06764176262179
top3,6,3.9541058683925536,3.954105852154992,3.953973688012514,0.0031421899960974997,0.003142131047471253,0.0013722927721374844,0.01,0.32262708320936395,0.03432914081281925,8.384269375804482
top3,7,3.944539631590427,3.9445429861068426,3.9433689276946464,0.0022956428611095704,0.0022881217675632115,0.0016834943171147644,1.0,0.716138121902418,0.020907315207680067,8.401804063628202
top3,8,3.941137734060269,3.941137734060269,3.9421046222846465,0.0026722319881670844,0.0026722319881670844,0.0024651624719666644,0.0,0.4441237491720766,0.04597513060343222,7.860036132203937
top3,9,3.967228081034018,3.967228081034018,3.9676307217399476,0.0023456098911921685,0.0023456098911921685,0.002299518951576829,0.0,0.3405106129491123,0.04749309482843801,8.125421501047729
top3,10,3.9201107682568503,3.9201107682568503,3.9197495808707927,0.00300247672141154,0.00300247672141154,0.0015199767495801097,0.0,0.08419321569812052,0.049306325059711484,8.350585895745212
top3,11,3.965135933951278,3.965135933951278,3.9633094749877884,0.002914905055622796,0.002914905055622796,0.0011746665613443952,0.0,0.5723919193403643,0.030176799625238226,8.245762014986441
top3,12,3.882279674027403,3.882279674027403,3.8805009623344735,0.00274837586018748,0.00274837586018748,0.0018449430309871672,0.0,0.7707266944348231,0.03223566158775745,8.078438323090518
top3,13,3.9424027081355173,3.942390405424511,3.944031100300351,0.0024452646377042695,0.0024447218585763155,0.0014828610761824733,1.0,1e-08,0.056698335486245956,8.328237873886797
top3,14,3.9817051621983364,3.9817051621983364,3.9825013423678506,0.002924802171926899,0.002924802171926899,0.0016556055902867683,0.0,0.6709227848223462,0.03418807419293723,8.054911974682213
top3,15,3.8785368044996487,3.8785368044996487,3.8798415015236625,0.003922484669861603,0.003922484669861603,0.0031344971779176944,0.0,0.6549858099088494,0.0419950575843483,8.052841453577928
top3,16,3.9134152397106536,3.9134152397106536,3.9144633332939835,0.0026388525946728692,0.0026388525946728692,0.00196041226661805,0.0,0.5432700042705403,0.03900798510255285,7.99324469267694
top3,17,3.9694075158051376,3.9694075158051376,3.970961040273884,0.0020409273901293547,0.0020409273901293547,0.0021718745465989287,0.0,0.8602699641702513,0.025821452683789367,8.145594749542733
top3,18,3.9367384453673964,3.9367384453673964,3.9391193317640854,0.002643787733376257,0.002643787733376257,0.0011229165597654855,0.0,0.37528346647923405,0.04855086949413316,8.158506996281897
top3,19,3.9106973069827013,3.9106973069827013,3.910561194168996,0.002358200881006667,0.002358200881006667,0.0007243351898267747,0.0,0.49412525444772365,0.03042247110450274,8.540963177777341
top3,20,3.929830720296835,3.9298282323446103,3.929744551104512,0.0025924696594941564,0.002586575238375133,0.0012837529028331574,1.0,0.6870330885512123,0.028223020084028667,8.265153455349692
top3,21,3.955043212765655,3.95503563745235,3.953952979523182,0.003097216101657807,0.0031017277995900373,0.0023685899181003834,1.0,0.4493839132340939,0.028561659181473915,8.365316387166674
top3,22,3.9405045487873633,3.9405045487873633,3.9400535603160467,0.003929813516751324,0.003929813516751324,0.003652285375574138,0.0,0.5778988984806641,0.0425971578557368,8.085296647584942
top3,23,3.958568796406177,3.9585548999300606,3.9581167837074416,0.0024060907793824527,0.0023932184047524173,0.001550599385205942,1.0,0.6009865987958303,0.028526274864017365,8.32551544213043
top3,24,3.9584808248116232,3.958466536079688,3.9588624978741724,0.00293428212702338,0.0029267607594292144,0.002611995220411245,1.0,0.3522827505111956,0.042178008496992214,8.343994015939575
top3,25,3.9783934837095534,3.9783934837095534,3.9783271488592473,0.0034684975711101627,0.0034684975711101627,0.002105895835489946,0.0,0.5064004747538159,0.04812393074593419,7.972919387064932
top3,26,3.980276469134197,3.980276469134197,3.9806876094325507,0.002814736055636047,0.002814736055636047,0.00240132164153124,0.0,0.6374334187487725,0.02985148086494471,8.20465117613168
top3,27,3.968332830499795,3.968332830499795,3.964339947466747,0.0028193977701974405,0.0028193977701974405,0.0014102355752655172,0.0,0.34222789860072295,0.039871199243949274,8.258734573259805
top3,28,3.915326080370876,3.915326080370876,3.9146894166219646,0.005236140868393591,0.005236140868393591,0.0035207650209741815,0.0,0.5278856951089456,0.026560316685234935,8.328720500499244
top3,29,3.928848170186662,3.928838972010414,3.924598196068066,0.0028246232795183348,0.0028171019295029965,0.001547318240581319,1.0,0.40571632693651727,0.05284046037868403,7.793884701914899
top5,0,4.932163237718796,4.891504237814311,4.245496089940915,0.036963446056285064,0.03618785954117903,0.02084024609340394,1.0,0.07899693184958041,0.05670332221866677,8.233675634410181
top5,1,4.7315517250334045,4.69563931649114,4.118461742152343,0.03401934723352085,0.03320547216212409,0.014948445341541319,1.0,1e-08,0.07430474648889782,8.123586588079126
top5,2,4.875946174213037,4.83721236720773,4.134548703846217,0.035389635693867154,0.034577081709605446,0.014860137524013288,1.0,1e-08,0.06330818917797322,8.314607370025065
top5,3,5.032918372305844,4.990572386045601,4.263611655414964,0.03976209851714937,0.03895220858806831,0.021616489921544715,1.0,1e-08,0.07096909809631077,8.334980165307396
top5,4,4.7800942585415465,4.742696471374877,4.129725083644611,0.034890165643415676,0.03411516192382231,0.015652692692400296,1.0,0.24813218011745794,0.04760756709343468,8.356094372779356
top5,5,4.845510799654902,4.807863457995908,4.348709238954453,0.03557558421344328,0.034765180564936875,0.02324774373148689,1.0,1e-08,0.07558803682835999,8.01228892741422
top5,6,5.036568169564771,4.995209400733786,4.189595936853341,0.03958982832250234,0.03881098945896255,0.01765622568741903,1.0,1e-08,0.06432861857641202,8.293766676436796
top5,7,4.762372128597398,4.725647807920256,4.2442929525241935,0.0335747114353787,0.03276489303751135,0.019740847679975766,1.0,0.31397175353106205,0.04610707721512055,8.3576370310175
top5,8,4.87259110727286,4.833480457837435,4.166776875506805,0.03668480490518178,0.03591155303139994,0.0180520071616872,1.0,1e-08,0.08002041697440562,7.744405175923148
top5,9,4.8536647155855155,4.815419805319916,4.054189081985074,0.03470435542323739,0.03392892119300939,0.009835438111265051,1.0,1e-08,0.06898976802805915,8.116545365350353
top5,10,4.804859657678465,4.7670293713919545,4.144632076236382,0.03458944678059212,0.03381265714841827,0.015687991855039534,1.0,1e-08,0.06646623687950301,8.26192591120711
top5,11,4.892286999115041,4.853287743861407,4.013976153190148,0.035666646150773626,0.03485403479113991,0.006715150752069933,1.0,1e-08,0.06487326058140311,8.207737316720095
top5,12,5.002459114195726,4.96033270827447,4.461160797801752,0.039765665953979124,0.0389865826415655,0.027729002148196052,1.0,0.2748416098033648,0.059208160682119426,8.04836284905448
top5,13,4.807304837137069,4.769236616595852,4.008623974875096,0.034852856840760636,0.03408028689311138,0.008609686204707399,1.0,1e-08,0.08847479900056048,8.075278578883715
top5,14,4.827433371717027,4.790207761209378,4.093613567067497,0.03457909043794771,0.03376903824440599,0.011380961099894091,1.0,0.09123333924621081,0.0616002259027211,8.122551146296471
top5,15,4.84397483867849,4.804437018855436,4.073328749319316,0.036559687230183054,0.03578206579787059,0.015579114332450723,1.0,0.307407605561504,0.062066896461778626,7.983911951144823
top5,16,5.005883909389993,4.96502914324657,4.166424285744024,0.039935062418222804,0.03915648420281924,0.01691885184176556,1.0,0.12678477518309153,0.06104397892711736,7.931474450984966
top5,17,4.981260917856529,4.940843072114655,4.220599708715883,0.03777731408506822,0.03696826887554673,0.019122686791010274,1.0,0.20256009340974515,0.06103971280022331,8.135766852798543
top5,18,4.978413279670238,4.937833581891181,4.148838668492967,0.03825875308211251,0.03748038181215537,0.01553498224806812,1.0,0.05670150967226989,0.06566089940869967,8.153158369093871
top5,19,4.739466762643237,4.702741858284534,4.206325047001808,0.032825934739293725,0.032052258770365834,0.01816376716967711,1.0,0.050260864264923516,0.05348723315236088,8.51519533149244
top5,20,4.763234307535315,4.725628287694301,4.012968181582993,0.03572883874989685,0.034918693066392184,0.011608812985207757,1.0,1e-08,0.06905716131869812,8.15821661769977
top5,21,4.6968468150784854,4.661668415740449,4.015471558545519,0.03247988471306635,0.031708465417694044,0.006176122643621186,1.0,1e-08,0.06373641638092238,8.234148687139124
top5,22,5.004985059777661,4.963846426108003,4.123277770168772,0.039348104221658735,0.038573786066386874,0.016344937690191536,1.0,0.0074403656663349785,0.06820271679773561,8.142262961667168
top5,23,4.858797587522298,4.82062994783059,4.162776091371639,0.03494000762286805,0.03412507904318218,0.01601135002378586,1.0,0.027083293163346397,0.058140005685605664,8.312201585769637
top5,24,4.642870742314379,4.608715766458974,4.073582448226945,0.030475148827166367,0.02970264892856811,0.011905907553478201,1.0,1e-08,0.06992059022892638,8.27798388202671
top5,25,4.750438290933943,4.713966944891268,4.042071158802025,0.03420843815766033,0.033432217325797965,0.010243338635072874,1.0,1e-08,0.07372443760535766,8.09297453695014
top5,26,4.933084017231508,4.894099339395958,4.183941807249445,0.03681715195137641,0.036006072886614504,0.01651831123076824,1.0,1e-08,0.06312061024246506,8.181657767928401
top5,27,4.973168776795054,4.933057041936659,4.19397404924558,0.0398298275653516,0.039051565812505525,0.01799785491642655,1.0,1e-08,0.06566822477417504,8.22478120835708
top5,28,4.703825392344124,4.667943632299124,4.03026448823207,0.034223808366003486,0.03345050555228925,0.011108454192594763,1.0,1e-08,0.05335460198848919,8.339771727889639
top5,29,4.709469959214569,4.673486707284983,4.053991195364811,0.03287141342068166,0.032057610423999607,0.012200662525717831,1.0,0.22083615837789278,0.06217178094530943,7.870059448322089
learnable,0,4.008392560145054,4.009075828706391,4.006091717345068,0.5374993925772786,0.594085441124891,0.4863796001653472,0.1,1e-08,0.08187947435318253,7.40191060229093
learnable,1,4.031133639385169,4.031133639385169,4.0253166615892395,0.5993855056176857,0.5993855056176857,0.3878031042029015,0.0,1e-08,0.08178040502789213,7.434166603162689
learnable,2,4.038718138588489,4.038566562440425,4.033187587472433,0.5152795176773097,0.8766705384453396,0.449133434808933,0.1,1e-08,0.09569250040606687,7.074096548408377
learnable,3,4.029444655917203,4.029431657308348,4.025680295509231,0.5716528482576417,0.6214336504394442,0.47418433911929636,0.01,1e-08,0.08159730406114162,7.517031566541349
learnable,4,4.0053613799330074,4.0053613799330074,4.002317728895024,0.3506510849558245,0.3506510849558245,0.32457414268839935,0.0,1e-08,0.09314091951058877,7.295778209483282
learnable,5,4.047638099053453,4.047638099053453,4.042276902274998,0.4765978664272019,0.4765978664272019,0.43091691797910364,0.0,1e-08,0.08630842944584582,7.347280896212574
learnable,6,4.037018458851969,4.037018458851969,4.030514169701964,0.35544994264309765,0.35544994264309765,0.4053963956138241,0.0,1e-08,0.08561831187934948,7.22406507308466
learnable,7,4.050796664535144,4.050506250246376,4.048422173610203,0.5579101865753605,0.8807686693265425,0.3837046933657601,0.1,1e-08,0.09130138079023559,7.142124654317101
learnable,8,4.058856557018131,4.058856557018131,4.052312884034167,0.4450874494837538,0.4450874494837538,0.33089107849868693,0.0,1e-08,0.08204289361664131,7.061213195654029
learnable,9,4.049541739645114,4.049541739645114,4.0442260398969525,0.7408552721893499,0.7408552721893499,0.6241294526383173,0.0,1e-08,0.09159746050048936,7.065813363616447
learnable,10,4.04586183377204,4.04586183377204,4.040203889270977,0.6642091159228602,0.6642091159228602,0.6043820616570044,0.0,1e-08,0.10179267613854834,7.068952164093115
learnable,11,4.0391732650838525,4.0391732650838525,4.037382776821284,0.35470066548442464,0.35470066548442464,0.203601169933877,0.0,1e-08,0.07652803321072704,7.680242036924416
learnable,12,4.030316031529278,4.030316031529278,4.024288725514456,0.45235041053260916,0.45235041053260916,0.47558323906240685,0.0,1e-08,0.08334886322091944,7.14947025962671
learnable,13,4.027102238894081,4.027739278788701,4.020620027741792,0.5596943488798131,1.0392633072421829,0.5775202720325002,0.1,1e-08,0.08856984304313222,7.326004211457323
learnable,14,4.03224432778711,4.032129070721208,4.027254717054695,0.6736204482164349,0.8920107688058271,0.5370015289046735,0.1,1e-08,0.08537509317606382,7.302106652749127
learnable,15,4.037617160748921,4.03749991610861,4.032636823287988,0.5531800997871442,0.6738087990066121,0.4065841725613646,0.1,1e-08,0.07523736001171409,7.500417498846774
learnable,16,4.0596384908396885,4.059708804944587,4.055845844489582,0.518562542947929,0.8054195302089971,0.45071825692386963,0.1,1e-08,0.09560051624264378,6.814351164608014
learnable,17,4.050794606959349,4.051012324747155,4.046831912956228,0.45685663685449873,0.9416592485537074,0.2742484246679217,0.1,1e-08,0.0936483640446591,7.301162729206741
learnable,18,4.01581810658456,4.016306887619292,4.0105120198066935,0.601906610468856,1.076056717304904,0.6375967771114389,0.1,1e-08,0.09121037149995309,7.252654730937395
learnable,19,4.028676721973167,4.028676721973167,4.026015028753329,0.6248275574748658,0.6248275574748658,0.48387372307832727,0.0,1e-08,0.08605936436480566,7.441667565590277
learnable,20,4.014984569161183,4.014984569161183,4.011660248853399,0.6005152866628226,0.6005152866628226,0.6783350885567693,0.0,1e-08,0.086218573265722,7.372825694340527
learnable,21,4.0191936239173875,4.0191936239173875,4.016000841319717,0.3331664027378288,0.3331664027378288,0.3504696022057304,0.0,1e-08,0.0830968049629963,7.448647187187426
learnable,22,4.015324486562072,4.015324486562072,4.008519536867281,0.42575538747928127,0.42575538747928127,0.3376505919414354,0.0,1e-08,0.08904489923543599,7.61763455430448
learnable,23,4.048322340973534,4.048322340973534,4.043542463754638,0.40966961282714626,0.40966961282714626,0.25303389746219024,0.0,1e-08,0.0904096086951674,7.283505621571905
learnable,24,4.031580286066962,4.031580286066962,4.028172291497252,0.520227006198867,0.520227006198867,0.4365105626545247,0.0,1e-08,0.08802004808581114,7.317169566558775
learnable,25,4.061019531676719,4.061019531676719,4.054978335900309,0.5456687027237584,0.5456687027237584,0.4477461448398394,0.0,1e-08,0.08239560896945637,7.5214377420124165
learnable,26,4.042744617767425,4.0428107897733705,4.0350746755776035,0.6803267574731552,0.7303326510171694,0.5122295027256132,0.01,1e-08,0.08045159023552499,7.6579659320062845
learnable,27,4.063082154225968,4.062929529147565,4.056814358569071,0.6044210796085379,0.9056688266898624,0.46223375019558555,0.1,1e-08,0.0972942610435262,7.136541028720315
learnable,28,4.029532264806128,4.029532264806128,4.024557894208668,0.6582319853375255,0.6582319853375255,0.5549178606875322,0.0,1e-08,0.0863876973338955,7.422174241430669
learnable,29,4.036705258154632,4.037080317285347,4.032686159539485,0.5300654705522059,0.46817164347767126,0.4576461847712096,0.1,1e-08,0.09298232313892611,7.000019803341176
