section,fact,value,note
Dataset,raw_columns,22,attributes in the CSV export of the log
Dataset,dropped_events,320,timestamps outside 2018 and 2019
Dataset,dropped_events_year_1948,10,
Dataset,dropped_events_year_1993,9,
Dataset,dropped_events_year_2001,22,
Dataset,dropped_events_year_2008,45,
Dataset,dropped_events_year_2015,3,
Dataset,dropped_events_year_2016,6,
Dataset,dropped_events_year_2017,223,
Dataset,dropped_events_year_2020,2,
Dataset,events,1595603,
Dataset,cases,251734,
Dataset,activities,42,
Dataset,"flow_cases:3-way match, invoice before GR",221010,cases per purchasing flow
Dataset,"flow_percent:3-way match, invoice before GR",87.79505350886252,
Dataset,"flow_cases:3-way match, invoice after GR",15182,cases per purchasing flow
Dataset,"flow_percent:3-way match, invoice after GR",6.030969197645133,
Dataset,flow_cases:Consignment,14498,cases per purchasing flow
Dataset,flow_percent:Consignment,5.7592538155354465,
Dataset,flow_cases:2-way match,1044,cases per purchasing flow
Dataset,flow_percent:2-way match,0.414723477956891,
Dataset,distinct_variants,13890,
Dataset,most_frequent_variant_cases,50282,
Dataset,top_five_variants_percent,45.10475343020808,
Synthetic Energy Signal,example_event_0:Create Purchase Order Item:base_cost,98,
Synthetic Energy Signal,example_event_0:Create Purchase Order Item:duration_seconds,171.30900136976663,
Synthetic Energy Signal,example_event_0:Create Purchase Order Item:energy,99.71309001369767,
Synthetic Energy Signal,example_event_1:Vendor creates invoice:base_cost,54,
Synthetic Energy Signal,example_event_1:Vendor creates invoice:duration_seconds,202.07187554476158,
Synthetic Energy Signal,example_event_1:Vendor creates invoice:energy,56.02071875544762,
Synthetic Energy Signal,example_event_2:Record Goods Receipt:base_cost,99,
Synthetic Energy Signal,example_event_2:Record Goods Receipt:duration_seconds,163.37160699853933,
Synthetic Energy Signal,example_event_2:Record Goods Receipt:energy,100.6337160699854,
Synthetic Energy Signal,example_event_3:Record Invoice Receipt:base_cost,97,
Synthetic Energy Signal,example_event_3:Record Invoice Receipt:duration_seconds,179.42131474229734,
Synthetic Energy Signal,example_event_3:Record Invoice Receipt:energy,98.79421314742298,
Synthetic Energy Signal,example_event_4:Clear Invoice:base_cost,56,
Synthetic Energy Signal,example_event_4:Clear Invoice:duration_seconds,171.41552330887768,
Synthetic Energy Signal,example_event_4:Clear Invoice:energy,57.714155233088775,
The Event State Hidden Markov Model,example_gap_minutes,19716.0,minutes from the first to the second event of the example case
The Event State Hidden Markov Model,example_log_gap,9.889236486766269,
Synthetic Energy Signal,base_cost_min,1.0,
Synthetic Energy Signal,base_cost_max,200.0,
Synthetic Energy Signal,noise_std_at_02,0.28867513459481314,standard deviation of the random background
Synthetic Energy Signal,noise_std_at_14,6.062177826491071,
Interval Aggregation,crossing_events_percent,20.48567218788132,"events that cross an interval boundary, whole log"
Interval Aggregation,crossing_energy_percent,9.504500973797398,"event energy carried into the following interval, whole log"
Process Variants and Scopes,top1:cases,50282,
Process Variants and Scopes,top1:cases_percent,19.974258542747503,
Process Variants and Scopes,top1:events,251410,
Process Variants and Scopes,top1:cut_interval,9731,
Process Variants and Scopes,top1:intervals,18256,
Process Variants and Scopes,top2:cases,81078,
Process Variants and Scopes,top2:cases_percent,32.20780665305441,
Process Variants and Scopes,top2:events,405390,
Process Variants and Scopes,top2:cut_interval,9869,
Process Variants and Scopes,top2:intervals,18262,
Process Variants and Scopes,top3:cases,93242,
Process Variants and Scopes,top3:cases_percent,37.03989131384716,
Process Variants and Scopes,top3:events,429718,
Process Variants and Scopes,top3:cut_interval,9902,
Process Variants and Scopes,top3:intervals,18303,
Process Variants and Scopes,top5:cases,113544,
Process Variants and Scopes,top5:cases_percent,45.10475343020808,
Process Variants and Scopes,top5:events,551530,
Process Variants and Scopes,top5:cut_interval,11080,
Process Variants and Scopes,top5:intervals,18310,
Process Variants and Scopes,learnable:cases,251734,
Process Variants and Scopes,learnable:cases_percent,100.0,
Process Variants and Scopes,learnable:events,1590195,
Process Variants and Scopes,learnable:cut_interval,12670,
Process Variants and Scopes,learnable:intervals,33785,
Identifiability and the Reported Scope,srm_group_a:case_timestamp_pairs,1628,
Identifiability and the Reported Scope,srm_group_a:pairs_with_all_members,1628,
Identifiability and the Reported Scope,srm_group_b:case_timestamp_pairs,6,
Identifiability and the Reported Scope,srm_group_b:pairs_with_all_members,6,
Identifiability and the Reported Scope,whole_system_cut_time,2018-09-22 02:30:00,
Identifiability and the Reported Scope,Release Purchase Requisition:events,467,
Identifiability and the Reported Scope,Release Purchase Requisition:first,2018-11-29 08:56:00,
Identifiability and the Reported Scope,Release Purchase Requisition:last,2018-12-21 10:53:00,
Identifiability and the Reported Scope,SRM: Transfer Failed (E.Sys.):events,45,
Identifiability and the Reported Scope,SRM: Transfer Failed (E.Sys.):first,2019-01-17 11:58:00,
Identifiability and the Reported Scope,SRM: Transfer Failed (E.Sys.):last,2019-01-17 12:09:00,
Estimating Activity Costs,example_interval_count:Create Purchase Order Item,4.180943823594754,
Estimating Activity Costs,example_interval_count:Record Goods Receipt,2.601702077223788,
Estimating Activity Costs,example_interval_count:Record Invoice Receipt,2.0,
Estimating Activity Costs,example_interval_meter,880.665955653561,expected background removed
Estimating Activity Costs,example_interval_true_cost_total,877.1107294044518,
Estimating Activity Costs,example_interval_in_training,True,
Estimating Activity Costs,top3_training_intervals,9902,
Estimating Activity Costs,variance_ratio_14h_80_events_to_02h_2_events,63.8308686060027,
The Baum-Welch Update and Why It Is Not Used,example_interval_residual_share,0.40554445841729025,
The Baum-Welch Update and Why It Is Not Used,example_constructed_goods_receipt_value,101.20443141551296,
The Baum-Welch Update and Why It Is Not Used,example_goods_receipt_true_energy_0,100.99434245854147,
The Baum-Welch Update and Why It Is Not Used,example_goods_receipt_true_energy_1,100.9912721522997,
The Baum-Welch Update and Why It Is Not Used,example_goods_receipt_true_energy_2,100.85484621332954,
Composition of Variant Models,top3_goods_receipt_cost_ols,100.80005280357665,
Composition of Variant Models,top3_goods_receipt_cost_weighted,100.79888695709566,
Train and Test Split,training_events,1113315,
Train and Test Split,test_events,476880,
Train and Test Split,test_events_after_positional_cut,3,a cut after seventy percent of the intervals instead of the events
Train and Test Split,last_event_time,2019-12-05 23:59:00,
Train and Test Split,cases_completed_before_cut,131896,
Train and Test Split,cases_spanning_cut,57802,
Train and Test Split,cases_beginning_after_cut,62036,
The Markov Reward Layer,most_frequent_training_path_cases,37591,
The Markov Reward Layer,most_frequent_training_path_expected_energy,413.0048887419019,
The Markov Reward Layer,recording_end,2019-01-18 14:34:00,
The Markov Reward Layer,events_after_recording_end,7,
The Markov Reward Layer,observation_margin_days,120.98958333333333,
The Markov Reward Layer,cut_to_recording_end_days,118.50277777777778,
The Correlated Chain Stress Test,top3_median_case_days,63.88055555555555,
The Correlated Chain Stress Test,top3_cases_shortened_percent:10080_minutes,97.74779605757062,
The Correlated Chain Stress Test,top3_cases_shortened_percent:120_minutes,99.47984813710559,
The Correlated Chain Stress Test,top3_cases_shortened_percent:30_minutes,99.52274725981853,
The Correlated Chain Stress Test,top3_cases_shortened_percent:0_minutes,99.93565131593058,
The Correlated Chain Stress Test,example_case,4508059628_00010,"most frequent path, duration closest to the median"
The Correlated Chain Stress Test,example:original:Create Purchase Order Item,"day 0, 11:59",
The Correlated Chain Stress Test,example:original:Vendor creates invoice,"day 13, 23:59",
The Correlated Chain Stress Test,example:original:Record Goods Receipt,"day 15, 07:45",
The Correlated Chain Stress Test,example:original:Record Invoice Receipt,"day 43, 11:55",
The Correlated Chain Stress Test,example:original:Clear Invoice,"day 64, 09:07",
The Correlated Chain Stress Test,example:10080_minutes:Create Purchase Order Item,"day 0, 11:59",
The Correlated Chain Stress Test,example:10080_minutes:Vendor creates invoice,"day 1, 23:29",
The Correlated Chain Stress Test,example:10080_minutes:Record Goods Receipt,"day 2, 02:58",
The Correlated Chain Stress Test,example:10080_minutes:Record Invoice Receipt,"day 5, 05:03",
The Correlated Chain Stress Test,example:10080_minutes:Clear Invoice,"day 7, 11:59",
The Correlated Chain Stress Test,example:120_minutes:Create Purchase Order Item,"day 0, 11:59",
The Correlated Chain Stress Test,example:120_minutes:Vendor creates invoice,"day 0, 12:24",
The Correlated Chain Stress Test,example:120_minutes:Record Goods Receipt,"day 0, 12:26",
The Correlated Chain Stress Test,example:120_minutes:Record Invoice Receipt,"day 0, 13:19",
The Correlated Chain Stress Test,example:120_minutes:Clear Invoice,"day 0, 13:59",
The Correlated Chain Stress Test,example:30_minutes:Create Purchase Order Item,"day 0, 11:59",
The Correlated Chain Stress Test,example:30_minutes:Vendor creates invoice,"day 0, 12:05",
The Correlated Chain Stress Test,example:30_minutes:Record Goods Receipt,"day 0, 12:05",
The Correlated Chain Stress Test,example:30_minutes:Record Invoice Receipt,"day 0, 12:19",
The Correlated Chain Stress Test,example:30_minutes:Clear Invoice,"day 0, 12:29",
The Correlated Chain Stress Test,example:0_minutes:Create Purchase Order Item,"day 0, 11:59",
The Correlated Chain Stress Test,example:0_minutes:Vendor creates invoice,"day 0, 11:59",
The Correlated Chain Stress Test,example:0_minutes:Record Goods Receipt,"day 0, 11:59",
The Correlated Chain Stress Test,example:0_minutes:Record Invoice Receipt,"day 0, 11:59",
The Correlated Chain Stress Test,example:0_minutes:Clear Invoice,"day 0, 11:59",
Composition of Variant Models,top2:empty_columns,0,
Composition of Variant Models,top2:rank_without_empty_columns,10,
Composition of Variant Models,top2:non_empty_columns,10,
Composition of Variant Models,top3:empty_columns,3,
Composition of Variant Models,top3:rank_without_empty_columns,12,
Composition of Variant Models,top3:non_empty_columns,12,
Composition of Variant Models,top3_factorial_create_purchase_order_item:variant_1,99.79894882645343,
Composition of Variant Models,top3_factorial_create_purchase_order_item:variant_2,99.79378433116301,
Composition of Variant Models,top3_factorial_create_purchase_order_item:variant_3,99.82451356112517,
Composition of Variant Models,top3_empty_column:variant_3:Clear Invoice,True,this activity never occurs in this variant
Composition of Variant Models,top3_empty_column:variant_3:Record Invoice Receipt,True,this activity never occurs in this variant
Composition of Variant Models,top3_empty_column:variant_3:Vendor creates invoice,True,this activity never occurs in this variant
Composition of Variant Models,top5:empty_columns,11,
Composition of Variant Models,top5:rank_without_empty_columns,24,
Composition of Variant Models,top5:non_empty_columns,24,
Evaluation Metrics,held_out_intervals,21115,
Evaluation Metrics,held_out_events,476880,
Evaluation Metrics,held_out_intervals_without_event_percent,84.24342884205541,
Evaluation Metrics,busiest_one_percent_intervals,211,
Evaluation Metrics,busiest_one_percent_event_share_percent,42.762539842308335,
Evaluation Metrics,busiest_interval_events,10187,
Evaluation Metrics,busiest_interval_meter,496627.0661016868,
Evaluation Metrics,top1:attribution_error_floor,0.15854875104195199,every activity and every cost exactly right
Evaluation Metrics,top2:attribution_error_floor,0.15838307452393133,every activity and every cost exactly right
Evaluation Metrics,top3:attribution_error_floor,0.15845486338592019,every activity and every cost exactly right
Evaluation Metrics,top5:attribution_error_floor,0.15897700075945795,every activity and every cost exactly right
Evaluation Metrics,learnable:attribution_error_floor,0.15944263340816925,every activity and every cost exactly right
Evaluation Metrics,goods_receipt_average_true_energy,100.79992483647652,
"RQ1, Reconstruction of the Aggregate Signal",top1:noise_floor_rmse,3.737856426316972,
"RQ1, Reconstruction of the Aggregate Signal",top1:perfect_model_rmse,3.8042696083686773,
"RQ1, Reconstruction of the Aggregate Signal",top1:perfect_model_variance,14.47246725315757,
"RQ1, Reconstruction of the Aggregate Signal",top1:background_variance_part,13.971570663759085,
"RQ1, Reconstruction of the Aggregate Signal",top1:duration_variance_part,0.5785986926867138,
"RQ1, Reconstruction of the Aggregate Signal",top2:noise_floor_rmse,3.73750046987345,
"RQ1, Reconstruction of the Aggregate Signal",top2:perfect_model_rmse,3.9071645467395713,
"RQ1, Reconstruction of the Aggregate Signal",top2:perfect_model_variance,15.26593479529864,
"RQ1, Reconstruction of the Aggregate Signal",top2:background_variance_part,13.96890976230426,
"RQ1, Reconstruction of the Aggregate Signal",top2:duration_variance_part,1.1905522519561076,
"RQ1, Reconstruction of the Aggregate Signal",top3:noise_floor_rmse,3.739977696215909,
"RQ1, Reconstruction of the Aggregate Signal",top3:perfect_model_rmse,3.915343808353396,
"RQ1, Reconstruction of the Aggregate Signal",top3:perfect_model_variance,15.329917137611274,
"RQ1, Reconstruction of the Aggregate Signal",top3:background_variance_part,13.987433168192458,
"RQ1, Reconstruction of the Aggregate Signal",top3:duration_variance_part,1.230488354212716,
"RQ1, Reconstruction of the Aggregate Signal",top5:noise_floor_rmse,3.7293440843279404,
"RQ1, Reconstruction of the Aggregate Signal",top5:perfect_model_rmse,3.9552237869974363,
"RQ1, Reconstruction of the Aggregate Signal",top5:perfect_model_variance,15.643795205230342,
"RQ1, Reconstruction of the Aggregate Signal",top5:background_variance_part,13.908007299311803,
"RQ1, Reconstruction of the Aggregate Signal",top5:duration_variance_part,1.6525358983469938,
"RQ1, Reconstruction of the Aggregate Signal",learnable:noise_floor_rmse,3.753996000258641,
"RQ1, Reconstruction of the Aggregate Signal",learnable:perfect_model_rmse,4.016385357284513,
"RQ1, Reconstruction of the Aggregate Signal",learnable:perfect_model_variance,16.131351338209445,
"RQ1, Reconstruction of the Aggregate Signal",learnable:background_variance_part,14.092485969957874,
"RQ1, Reconstruction of the Aggregate Signal",learnable:duration_variance_part,2.074837229523894,
"RQ1, Reconstruction of the Aggregate Signal",top5:ols_squared_error_share_in_busiest_one_percent,0.30306738252658555,
"RQ1, Reconstruction of the Aggregate Signal",top5:weighted_squared_error_share_in_busiest_one_percent,0.11985814636274912,
"RQ1, Recovery of the Two Noise Sources",top1:realized_per_event_variance,0.03986472400939113,
"RQ1, Recovery of the Two Noise Sources",top2:realized_per_event_variance,0.03978595084216263,
"RQ1, Recovery of the Two Noise Sources",top3:realized_per_event_variance,0.039794375650309896,
"RQ1, Recovery of the Two Noise Sources",top5:realized_per_event_variance,0.03974699618795639,
"RQ1, Recovery of the Two Noise Sources",learnable:realized_per_event_variance,0.03980272826058846,
"RQ1, Recovery of the Two Noise Sources",top3:variance_design_eigenvalue_ratio,42120.41342840308,
"RQ1, Recovery of the Two Noise Sources",learnable:variance_design_eigenvalue_ratio,210970.77915000505,
"RQ1, Recovery of the Two Noise Sources",whole_system_variance_14h_80_events_median_terms,39.143349144763576,
"RQ1, Recovery of the Two Noise Sources",whole_system_variance_14h_80_events_true_terms,39.95000000000001,
